Género,1,2
0,51.90744215134458,51.034975017844395
1,48.09255784865541,48.965024982155605
