Situación laboral,1,2
0,59.0368980612883,58.02997858672377
1,24.07754846779237,25.69593147751606
2,16.885553470919323,16.274089935760173
